{
  "tag": "m3-max-36gb-quick",
  "timestamp": 1762728111.176939,
  "hardware_note": "arm64",
  "runs": [
    {
      "model": "schnell",
      "steps": 4,
      "n_images": 1,
      "image_size": 512,
      "repeats": 2,
      "warmup": 1,
      "latency": {
        "mean_s": 388.04307606248767,
        "std_s": 21.59117939553107,
        "p50_s": 388.04307606248767,
        "p90_s": 405.3160195789126,
        "min_s": 366.4518966669566,
        "max_s": 409.63425545801874,
        "images_per_second": 0.002577033483362469
      },
      "peak_memory_mb": {
        "mean": 3518.5,
        "max": 3518.5,
        "min": 3518.5
      }
    },
    {
      "model": "dev",
      "steps": 4,
      "n_images": 1,
      "image_size": 512,
      "repeats": 2,
      "warmup": 1,
      "latency": {
        "mean_s": 559.6294590210309,
        "std_s": 156.48947202099953,
        "p50_s": 559.6294590210309,
        "p90_s": 684.8210366378306,
        "min_s": 403.1399870000314,
        "max_s": 716.1189310420305,
        "images_per_second": 0.001786896640054147
      },
      "peak_memory_mb": {
        "mean": 3908.2200000000003,
        "max": 4142.67,
        "min": 3673.77
      }
    }
  ]
}
