{
  "tag": null,
  "timestamp": 1762733238.028349,
  "hardware_note": "arm64",
  "runs": [
    {
      "model": "schnell",
      "steps": 4,
      "n_images": 1,
      "image_size": 512,
      "repeats": 2,
      "warmup": 1,
      "latency": {
        "mean_s": 193.65918064603466,
        "std_s": 130.58087447899743,
        "p50_s": 193.65918064603466,
        "p90_s": 298.1238802292326,
        "min_s": 63.078306167037226,
        "max_s": 324.2400551250321,
        "images_per_second": 0.0051637107864655005
      },
      "peak_memory_mb": {
        "mean": 3518.5,
        "max": 3518.5,
        "min": 3518.5
      }
    },
    {
      "model": "dev",
      "steps": 4,
      "n_images": 1,
      "image_size": 512,
      "repeats": 2,
      "warmup": 1,
      "latency": {
        "mean_s": 82.37628760401276,
        "std_s": 13.856339686986757,
        "p50_s": 82.37628760401276,
        "p90_s": 93.46135935360216,
        "min_s": 68.519947917026,
        "max_s": 96.23262729099952,
        "images_per_second": 0.012139415711558329
      },
      "peak_memory_mb": {
        "mean": 3831.58,
        "max": 4142.67,
        "min": 3520.49
      }
    }
  ]
}